//Name,ID,DataType,Length,Unit,Remark,SystemID,BindObjType,BindObjTypeSeq,BindObjID
SYS_LICENSE_CODE,1,ASCII,16,,License code(Formal; Evaluation; NoLicense),1,,0,
SYS_LICENSE_STATUS,2,UINT_1,255,,License status(0:Unauthorized; 1:Authorized; 2:Evaluation; 3:Evaluation Expiring; 4:Trial; 5:Trial End),2,,0,
SYS_CLOCK,3,ASCII,16,,System Clock,3,,0,
SYS_SECS_COMM_MODE,4,UINT_1,255,,SECS Communication Mode(0:HSMS Mode; 1:SECSI Mode) (Set by AP),4,,0,
SYS_PREVIOUS_CONTROL_STATE,5,UINT_1,255,,1:EquipmentOffLine; 2:AttemptOnLine; 3:HostOffLine; 4:OnlineLocal; 5:OnlineRemote,5,,0,
SYS_CONTROL_STATE,6,UINT_1,255,,1:EquipmentOffLine; 2:AttemptOnLine; 3:HostOffLine; 4:OnlineLocal; 5:OnlineRemote,6,,0,
SYS_PREVIOUS_PROCESS_STATE,7,UINT_1,255,,Previous process state(Set by AP),7,,0,
SYS_PROCESS_STATE,8,UINT_1,255,,Process state(Set by AP),8,,0,
SYS_MDLN,9,ASCII,16,,Equipment Model Type (Set by AP),9,,0,
SYS_SOFTREV,10,ASCII,16,,Equipment Software Revision (Set by AP),10,,0,
SYS_ALARM_ENABLED,11,LIST,16,,Current Enable Alarms,11,,0,
SYS_ALARM_SET,12,LIST,16,,Current Set Alarms,12,,0,
SYS_EVENT_ENABLED,13,LIST,16,,Current Enable Events,13,,0,
SYS_PP_EXEC_NAME,14,ASCII,16,,Currently selected process program(Set by AP),14,,0,
SYS_PP_FORMAT,15,UINT_1,255,,1:Unformatted process programs; 2:Formatted process programs; 3:Both unformatted and formatted process programs (Set by AP),15,,0,
SYS_SPOOL_STATE,16,UINT_1,255,,1:Inactive; 2:Active,16,,0,
SYS_SPOOL_LOAD_SUBSTATE,17,UINT_1,255,,0:Not Full; 1:Full,17,,0,
SYS_SPOOL_UNLOAD_SUBSTATE,18,UINT_1,255,,0:No Spool Out; 1:transmit; 2:Purge,18,,0,
SYS_SPOOL_START_TIME,19,ASCII,16,,Spooling Start Time,19,,0,
SYS_SPOOL_FULL_TIME,20,ASCII,16,,Spooling Each Full Time,20,,0,
SYS_SPOOL_COUNT_ACTUAL,21,UINT_4,,,Spooling Current Actual Message Count,21,,0,
SYS_SPOOL_COUNT_TOTAL,22,UINT_4,,,Spooling accumulation message count. Spooling change Inactive set zero,22,,0,
SYS_MAX_SPOOL_SIZE,23,UINT_4,,,Spooling Max Message Count,23,,0,
SYS_SOFTWARE_REVISION,24,ASCII,,,DIAGEM Software Revision,24,,0,
PJ_PRJOBSPACE,101,UINT_2,,,(E40-PM) Used to indicate the number of jobs that can currently be created for the processing resource.,101,,0,
CJ_QUEUEDCJOBS,201,LIST,,,(E94-CJM) This is an ordered list of control jobs currently in the Queue. The first job in the list is the job at the head of the Queue.,201,,0,
CJ_QUEUEAVAILABLESPACE,202,UINT_2,,,(E94-CJM) Indicates number of jobs which the Queue can accept. This value cannot be negative. When it is zero it indicates that the queue is full,202,,0,
GEM_EQP_SERIAL_NUM,25,ASCII,,,Text string describing the product serial number assigned by the manufacturer (Set by AP),25,,0,
GEM_E30_EQUIPMENT_SUPPLIER,26,ASCII,,,Supplier identification (Set by AP),26,,0,
GEM_E30_SUPPORTED_PPOPTIONS,27,LIST,,,Identify the process program management options supported by the equipment (Set by AP),27,,0,
CMS_CARRIERID1_1,100262,ASCII,,,(E87-CMS) [CARRIERLOC-1] Carrier ID of the Carrier at the Carrier location,925,CARRIERLOC,1,1
CMS_CARRIERID2_2,100264,ASCII,,,(E87-CMS) [CARRIERLOC-2] Carrier ID of the Carrier at the Carrier location,927,CARRIERLOC,2,2
CMS_OBJID1_1,100263,ASCII,,,(E87-CMS) [CARRIERLOC-1] Carrier Location ID (Identifier ID),926,CARRIERLOC,1,1
CMS_OBJID2_2,100265,ASCII,,,(E87-CMS) [CARRIERLOC-2] Carrier Location ID (Identifier ID),928,CARRIERLOC,2,2
CMS_ACCESSMODE1_1,2006,UINT_1,,,(E87-CMS) [LOADPORT-1] Access Mode,566,LOADPORT,1,1
CMS_PORTTRANSFERSTATE1_1,2008,UINT_1,,,(E87-CMS) [LOADPORT-1] Port Transfer State,567,LOADPORT,1,1
CMS_PORTSTATEINFO1_1,2028,LIST,,,(E87-CMS) [LOADPORT-1] Port State Info,568,LOADPORT,1,1
CMS_PORTASSOCIATIONSTATE1_1,2016,UINT_1,,,(E87-CMS) [LOADPORT-1] Port Association State,569,LOADPORT,1,1
CMS_PORTID1_1,2020,UINT_1,,,(E87-CMS) [LOADPORT-1] Port ID,570,LOADPORT,1,1
CMS_OBJID1_1,2026,UINT_1,,,(E87-CMS) [LOADPORT-1] Port ID (Identifier ID),571,LOADPORT,1,1
CMS_ACCESSMODE2_2,2007,UINT_1,,,(E87-CMS) [LOADPORT-2] Access Mode,919,LOADPORT,2,2
CMS_PORTTRANSFERSTATE2_2,2009,UINT_1,,,(E87-CMS) [LOADPORT-2] Port Transfer State,920,LOADPORT,2,2
CMS_PORTSTATEINFO2_2,2029,LIST,,,(E87-CMS) [LOADPORT-2] Port State Info,921,LOADPORT,2,2
CMS_PORTASSOCIATIONSTATE2_2,2017,UINT_1,,,(E87-CMS) [LOADPORT-2] Port Association State,922,LOADPORT,2,2
CMS_PORTID2_2,2021,UINT_1,,,(E87-CMS) [LOADPORT-2] Port ID,923,LOADPORT,2,2
CMS_OBJID2_2,2027,UINT_1,,,(E87-CMS) [LOADPORT-2] Port ID (Identifier ID),924,LOADPORT,2,2
STS_SUBSTID1_LOADPORT1.01,100100,ASCII,,,(E90-STS) [SUBSTLOC-1] Substrate ID of the substrate at the substrate location,757,SUBSTLOC,1,LOADPORT1.01
STS_SUBSTLOCSTATE1_LOADPORT1.01,100101,UINT_1,,,(E90-STS) [SUBSTLOC-1] State of Substrate Location,758,SUBSTLOC,1,LOADPORT1.01
STS_OBJID1_LOADPORT1.01,100102,ASCII,,,(E90-STS) [SUBSTLOC-1] Substrate Location ID (Identifier ID),759,SUBSTLOC,1,LOADPORT1.01
STS_SUBSTID2_LOADPORT1.02,100103,ASCII,,,(E90-STS) [SUBSTLOC-2] Substrate ID of the substrate at the substrate location,760,SUBSTLOC,2,LOADPORT1.02
STS_SUBSTLOCSTATE2_LOADPORT1.02,100104,UINT_1,,,(E90-STS) [SUBSTLOC-2] State of Substrate Location,761,SUBSTLOC,2,LOADPORT1.02
STS_OBJID2_LOADPORT1.02,100105,ASCII,,,(E90-STS) [SUBSTLOC-2] Substrate Location ID (Identifier ID),762,SUBSTLOC,2,LOADPORT1.02
STS_SUBSTID3_LOADPORT1.03,100106,ASCII,,,(E90-STS) [SUBSTLOC-3] Substrate ID of the substrate at the substrate location,763,SUBSTLOC,3,LOADPORT1.03
STS_SUBSTLOCSTATE3_LOADPORT1.03,100107,UINT_1,,,(E90-STS) [SUBSTLOC-3] State of Substrate Location,764,SUBSTLOC,3,LOADPORT1.03
STS_OBJID3_LOADPORT1.03,100108,ASCII,,,(E90-STS) [SUBSTLOC-3] Substrate Location ID (Identifier ID),765,SUBSTLOC,3,LOADPORT1.03
STS_SUBSTID4_LOADPORT1.04,100109,ASCII,,,(E90-STS) [SUBSTLOC-4] Substrate ID of the substrate at the substrate location,766,SUBSTLOC,4,LOADPORT1.04
STS_SUBSTLOCSTATE4_LOADPORT1.04,100110,UINT_1,,,(E90-STS) [SUBSTLOC-4] State of Substrate Location,767,SUBSTLOC,4,LOADPORT1.04
STS_OBJID4_LOADPORT1.04,100111,ASCII,,,(E90-STS) [SUBSTLOC-4] Substrate Location ID (Identifier ID),768,SUBSTLOC,4,LOADPORT1.04
STS_SUBSTID5_LOADPORT1.05,100112,ASCII,,,(E90-STS) [SUBSTLOC-5] Substrate ID of the substrate at the substrate location,769,SUBSTLOC,5,LOADPORT1.05
STS_SUBSTLOCSTATE5_LOADPORT1.05,100113,UINT_1,,,(E90-STS) [SUBSTLOC-5] State of Substrate Location,770,SUBSTLOC,5,LOADPORT1.05
STS_OBJID5_LOADPORT1.05,100114,ASCII,,,(E90-STS) [SUBSTLOC-5] Substrate Location ID (Identifier ID),771,SUBSTLOC,5,LOADPORT1.05
STS_SUBSTID6_LOADPORT1.06,100115,ASCII,,,(E90-STS) [SUBSTLOC-6] Substrate ID of the substrate at the substrate location,772,SUBSTLOC,6,LOADPORT1.06
STS_SUBSTLOCSTATE6_LOADPORT1.06,100116,UINT_1,,,(E90-STS) [SUBSTLOC-6] State of Substrate Location,773,SUBSTLOC,6,LOADPORT1.06
STS_OBJID6_LOADPORT1.06,100117,ASCII,,,(E90-STS) [SUBSTLOC-6] Substrate Location ID (Identifier ID),774,SUBSTLOC,6,LOADPORT1.06
STS_SUBSTID7_LOADPORT1.07,100118,ASCII,,,(E90-STS) [SUBSTLOC-7] Substrate ID of the substrate at the substrate location,775,SUBSTLOC,7,LOADPORT1.07
STS_SUBSTLOCSTATE7_LOADPORT1.07,100119,UINT_1,,,(E90-STS) [SUBSTLOC-7] State of Substrate Location,776,SUBSTLOC,7,LOADPORT1.07
STS_OBJID7_LOADPORT1.07,100120,ASCII,,,(E90-STS) [SUBSTLOC-7] Substrate Location ID (Identifier ID),777,SUBSTLOC,7,LOADPORT1.07
STS_SUBSTID8_LOADPORT1.08,100121,ASCII,,,(E90-STS) [SUBSTLOC-8] Substrate ID of the substrate at the substrate location,778,SUBSTLOC,8,LOADPORT1.08
STS_SUBSTLOCSTATE8_LOADPORT1.08,100122,UINT_1,,,(E90-STS) [SUBSTLOC-8] State of Substrate Location,779,SUBSTLOC,8,LOADPORT1.08
STS_OBJID8_LOADPORT1.08,100123,ASCII,,,(E90-STS) [SUBSTLOC-8] Substrate Location ID (Identifier ID),780,SUBSTLOC,8,LOADPORT1.08
STS_SUBSTID9_LOADPORT1.09,100124,ASCII,,,(E90-STS) [SUBSTLOC-9] Substrate ID of the substrate at the substrate location,781,SUBSTLOC,9,LOADPORT1.09
STS_SUBSTLOCSTATE9_LOADPORT1.09,100125,UINT_1,,,(E90-STS) [SUBSTLOC-9] State of Substrate Location,782,SUBSTLOC,9,LOADPORT1.09
STS_OBJID9_LOADPORT1.09,100126,ASCII,,,(E90-STS) [SUBSTLOC-9] Substrate Location ID (Identifier ID),783,SUBSTLOC,9,LOADPORT1.09
STS_SUBSTID10_LOADPORT1.10,100127,ASCII,,,(E90-STS) [SUBSTLOC-10] Substrate ID of the substrate at the substrate location,784,SUBSTLOC,10,LOADPORT1.10
STS_SUBSTLOCSTATE10_LOADPORT1.10,100128,UINT_1,,,(E90-STS) [SUBSTLOC-10] State of Substrate Location,785,SUBSTLOC,10,LOADPORT1.10
STS_OBJID10_LOADPORT1.10,100129,ASCII,,,(E90-STS) [SUBSTLOC-10] Substrate Location ID (Identifier ID),786,SUBSTLOC,10,LOADPORT1.10
STS_SUBSTID11_LOADPORT1.11,100130,ASCII,,,(E90-STS) [SUBSTLOC-11] Substrate ID of the substrate at the substrate location,787,SUBSTLOC,11,LOADPORT1.11
STS_SUBSTLOCSTATE11_LOADPORT1.11,100131,UINT_1,,,(E90-STS) [SUBSTLOC-11] State of Substrate Location,788,SUBSTLOC,11,LOADPORT1.11
STS_OBJID11_LOADPORT1.11,100132,ASCII,,,(E90-STS) [SUBSTLOC-11] Substrate Location ID (Identifier ID),789,SUBSTLOC,11,LOADPORT1.11
STS_SUBSTID12_LOADPORT1.12,100133,ASCII,,,(E90-STS) [SUBSTLOC-12] Substrate ID of the substrate at the substrate location,790,SUBSTLOC,12,LOADPORT1.12
STS_SUBSTLOCSTATE12_LOADPORT1.12,100134,UINT_1,,,(E90-STS) [SUBSTLOC-12] State of Substrate Location,791,SUBSTLOC,12,LOADPORT1.12
STS_OBJID12_LOADPORT1.12,100135,ASCII,,,(E90-STS) [SUBSTLOC-12] Substrate Location ID (Identifier ID),792,SUBSTLOC,12,LOADPORT1.12
STS_SUBSTID13_LOADPORT1.13,100136,ASCII,,,(E90-STS) [SUBSTLOC-13] Substrate ID of the substrate at the substrate location,793,SUBSTLOC,13,LOADPORT1.13
STS_SUBSTLOCSTATE13_LOADPORT1.13,100137,UINT_1,,,(E90-STS) [SUBSTLOC-13] State of Substrate Location,794,SUBSTLOC,13,LOADPORT1.13
STS_OBJID13_LOADPORT1.13,100138,ASCII,,,(E90-STS) [SUBSTLOC-13] Substrate Location ID (Identifier ID),795,SUBSTLOC,13,LOADPORT1.13
STS_SUBSTID14_LOADPORT1.14,100139,ASCII,,,(E90-STS) [SUBSTLOC-14] Substrate ID of the substrate at the substrate location,796,SUBSTLOC,14,LOADPORT1.14
STS_SUBSTLOCSTATE14_LOADPORT1.14,100140,UINT_1,,,(E90-STS) [SUBSTLOC-14] State of Substrate Location,797,SUBSTLOC,14,LOADPORT1.14
STS_OBJID14_LOADPORT1.14,100141,ASCII,,,(E90-STS) [SUBSTLOC-14] Substrate Location ID (Identifier ID),798,SUBSTLOC,14,LOADPORT1.14
STS_SUBSTID15_LOADPORT1.15,100142,ASCII,,,(E90-STS) [SUBSTLOC-15] Substrate ID of the substrate at the substrate location,799,SUBSTLOC,15,LOADPORT1.15
STS_SUBSTLOCSTATE15_LOADPORT1.15,100143,UINT_1,,,(E90-STS) [SUBSTLOC-15] State of Substrate Location,800,SUBSTLOC,15,LOADPORT1.15
STS_OBJID15_LOADPORT1.15,100144,ASCII,,,(E90-STS) [SUBSTLOC-15] Substrate Location ID (Identifier ID),801,SUBSTLOC,15,LOADPORT1.15
STS_SUBSTID16_LOADPORT1.16,100145,ASCII,,,(E90-STS) [SUBSTLOC-16] Substrate ID of the substrate at the substrate location,802,SUBSTLOC,16,LOADPORT1.16
STS_SUBSTLOCSTATE16_LOADPORT1.16,100146,UINT_1,,,(E90-STS) [SUBSTLOC-16] State of Substrate Location,803,SUBSTLOC,16,LOADPORT1.16
STS_OBJID16_LOADPORT1.16,100147,ASCII,,,(E90-STS) [SUBSTLOC-16] Substrate Location ID (Identifier ID),804,SUBSTLOC,16,LOADPORT1.16
STS_SUBSTID17_LOADPORT1.17,100148,ASCII,,,(E90-STS) [SUBSTLOC-17] Substrate ID of the substrate at the substrate location,805,SUBSTLOC,17,LOADPORT1.17
STS_SUBSTLOCSTATE17_LOADPORT1.17,100149,UINT_1,,,(E90-STS) [SUBSTLOC-17] State of Substrate Location,806,SUBSTLOC,17,LOADPORT1.17
STS_OBJID17_LOADPORT1.17,100150,ASCII,,,(E90-STS) [SUBSTLOC-17] Substrate Location ID (Identifier ID),807,SUBSTLOC,17,LOADPORT1.17
STS_SUBSTID18_LOADPORT1.18,100151,ASCII,,,(E90-STS) [SUBSTLOC-18] Substrate ID of the substrate at the substrate location,808,SUBSTLOC,18,LOADPORT1.18
STS_SUBSTLOCSTATE18_LOADPORT1.18,100152,UINT_1,,,(E90-STS) [SUBSTLOC-18] State of Substrate Location,809,SUBSTLOC,18,LOADPORT1.18
STS_OBJID18_LOADPORT1.18,100153,ASCII,,,(E90-STS) [SUBSTLOC-18] Substrate Location ID (Identifier ID),810,SUBSTLOC,18,LOADPORT1.18
STS_SUBSTID19_LOADPORT1.19,100154,ASCII,,,(E90-STS) [SUBSTLOC-19] Substrate ID of the substrate at the substrate location,811,SUBSTLOC,19,LOADPORT1.19
STS_SUBSTLOCSTATE19_LOADPORT1.19,100155,UINT_1,,,(E90-STS) [SUBSTLOC-19] State of Substrate Location,812,SUBSTLOC,19,LOADPORT1.19
STS_OBJID19_LOADPORT1.19,100156,ASCII,,,(E90-STS) [SUBSTLOC-19] Substrate Location ID (Identifier ID),813,SUBSTLOC,19,LOADPORT1.19
STS_SUBSTID20_LOADPORT1.20,100157,ASCII,,,(E90-STS) [SUBSTLOC-20] Substrate ID of the substrate at the substrate location,814,SUBSTLOC,20,LOADPORT1.20
STS_SUBSTLOCSTATE20_LOADPORT1.20,100158,UINT_1,,,(E90-STS) [SUBSTLOC-20] State of Substrate Location,815,SUBSTLOC,20,LOADPORT1.20
STS_OBJID20_LOADPORT1.20,100159,ASCII,,,(E90-STS) [SUBSTLOC-20] Substrate Location ID (Identifier ID),816,SUBSTLOC,20,LOADPORT1.20
STS_SUBSTID21_LOADPORT1.21,100160,ASCII,,,(E90-STS) [SUBSTLOC-21] Substrate ID of the substrate at the substrate location,817,SUBSTLOC,21,LOADPORT1.21
STS_SUBSTLOCSTATE21_LOADPORT1.21,100161,UINT_1,,,(E90-STS) [SUBSTLOC-21] State of Substrate Location,818,SUBSTLOC,21,LOADPORT1.21
STS_OBJID21_LOADPORT1.21,100162,ASCII,,,(E90-STS) [SUBSTLOC-21] Substrate Location ID (Identifier ID),819,SUBSTLOC,21,LOADPORT1.21
STS_SUBSTID22_LOADPORT1.22,100163,ASCII,,,(E90-STS) [SUBSTLOC-22] Substrate ID of the substrate at the substrate location,820,SUBSTLOC,22,LOADPORT1.22
STS_SUBSTLOCSTATE22_LOADPORT1.22,100164,UINT_1,,,(E90-STS) [SUBSTLOC-22] State of Substrate Location,821,SUBSTLOC,22,LOADPORT1.22
STS_OBJID22_LOADPORT1.22,100165,ASCII,,,(E90-STS) [SUBSTLOC-22] Substrate Location ID (Identifier ID),822,SUBSTLOC,22,LOADPORT1.22
STS_SUBSTID23_LOADPORT1.23,100166,ASCII,,,(E90-STS) [SUBSTLOC-23] Substrate ID of the substrate at the substrate location,823,SUBSTLOC,23,LOADPORT1.23
STS_SUBSTLOCSTATE23_LOADPORT1.23,100167,UINT_1,,,(E90-STS) [SUBSTLOC-23] State of Substrate Location,824,SUBSTLOC,23,LOADPORT1.23
STS_OBJID23_LOADPORT1.23,100168,ASCII,,,(E90-STS) [SUBSTLOC-23] Substrate Location ID (Identifier ID),825,SUBSTLOC,23,LOADPORT1.23
STS_SUBSTID24_LOADPORT1.24,100169,ASCII,,,(E90-STS) [SUBSTLOC-24] Substrate ID of the substrate at the substrate location,826,SUBSTLOC,24,LOADPORT1.24
STS_SUBSTLOCSTATE24_LOADPORT1.24,100170,UINT_1,,,(E90-STS) [SUBSTLOC-24] State of Substrate Location,827,SUBSTLOC,24,LOADPORT1.24
STS_OBJID24_LOADPORT1.24,100171,ASCII,,,(E90-STS) [SUBSTLOC-24] Substrate Location ID (Identifier ID),828,SUBSTLOC,24,LOADPORT1.24
STS_SUBSTID25_LOADPORT1.25,100172,ASCII,,,(E90-STS) [SUBSTLOC-25] Substrate ID of the substrate at the substrate location,829,SUBSTLOC,25,LOADPORT1.25
STS_SUBSTLOCSTATE25_LOADPORT1.25,100173,UINT_1,,,(E90-STS) [SUBSTLOC-25] State of Substrate Location,830,SUBSTLOC,25,LOADPORT1.25
STS_OBJID25_LOADPORT1.25,100174,ASCII,,,(E90-STS) [SUBSTLOC-25] Substrate Location ID (Identifier ID),831,SUBSTLOC,25,LOADPORT1.25
STS_SUBSTID26_LOADPORT2.01,100175,ASCII,,,(E90-STS) [SUBSTLOC-26] Substrate ID of the substrate at the substrate location,832,SUBSTLOC,26,LOADPORT2.01
STS_SUBSTLOCSTATE26_LOADPORT2.01,100176,UINT_1,,,(E90-STS) [SUBSTLOC-26] State of Substrate Location,833,SUBSTLOC,26,LOADPORT2.01
STS_OBJID26_LOADPORT2.01,100177,ASCII,,,(E90-STS) [SUBSTLOC-26] Substrate Location ID (Identifier ID),834,SUBSTLOC,26,LOADPORT2.01
STS_SUBSTID27_LOADPORT2.02,100178,ASCII,,,(E90-STS) [SUBSTLOC-27] Substrate ID of the substrate at the substrate location,835,SUBSTLOC,27,LOADPORT2.02
STS_SUBSTLOCSTATE27_LOADPORT2.02,100179,UINT_1,,,(E90-STS) [SUBSTLOC-27] State of Substrate Location,836,SUBSTLOC,27,LOADPORT2.02
STS_OBJID27_LOADPORT2.02,100180,ASCII,,,(E90-STS) [SUBSTLOC-27] Substrate Location ID (Identifier ID),837,SUBSTLOC,27,LOADPORT2.02
STS_SUBSTID28_LOADPORT2.03,100181,ASCII,,,(E90-STS) [SUBSTLOC-28] Substrate ID of the substrate at the substrate location,838,SUBSTLOC,28,LOADPORT2.03
STS_SUBSTLOCSTATE28_LOADPORT2.03,100182,UINT_1,,,(E90-STS) [SUBSTLOC-28] State of Substrate Location,839,SUBSTLOC,28,LOADPORT2.03
STS_OBJID28_LOADPORT2.03,100183,ASCII,,,(E90-STS) [SUBSTLOC-28] Substrate Location ID (Identifier ID),840,SUBSTLOC,28,LOADPORT2.03
STS_SUBSTID29_LOADPORT2.04,100184,ASCII,,,(E90-STS) [SUBSTLOC-29] Substrate ID of the substrate at the substrate location,841,SUBSTLOC,29,LOADPORT2.04
STS_SUBSTLOCSTATE29_LOADPORT2.04,100185,UINT_1,,,(E90-STS) [SUBSTLOC-29] State of Substrate Location,842,SUBSTLOC,29,LOADPORT2.04
STS_OBJID29_LOADPORT2.04,100186,ASCII,,,(E90-STS) [SUBSTLOC-29] Substrate Location ID (Identifier ID),843,SUBSTLOC,29,LOADPORT2.04
STS_SUBSTID30_LOADPORT2.05,100187,ASCII,,,(E90-STS) [SUBSTLOC-30] Substrate ID of the substrate at the substrate location,844,SUBSTLOC,30,LOADPORT2.05
STS_SUBSTLOCSTATE30_LOADPORT2.05,100188,UINT_1,,,(E90-STS) [SUBSTLOC-30] State of Substrate Location,845,SUBSTLOC,30,LOADPORT2.05
STS_OBJID30_LOADPORT2.05,100189,ASCII,,,(E90-STS) [SUBSTLOC-30] Substrate Location ID (Identifier ID),846,SUBSTLOC,30,LOADPORT2.05
STS_SUBSTID31_LOADPORT2.06,100190,ASCII,,,(E90-STS) [SUBSTLOC-31] Substrate ID of the substrate at the substrate location,847,SUBSTLOC,31,LOADPORT2.06
STS_SUBSTLOCSTATE31_LOADPORT2.06,100191,UINT_1,,,(E90-STS) [SUBSTLOC-31] State of Substrate Location,848,SUBSTLOC,31,LOADPORT2.06
STS_OBJID31_LOADPORT2.06,100192,ASCII,,,(E90-STS) [SUBSTLOC-31] Substrate Location ID (Identifier ID),849,SUBSTLOC,31,LOADPORT2.06
STS_SUBSTID32_LOADPORT2.07,100193,ASCII,,,(E90-STS) [SUBSTLOC-32] Substrate ID of the substrate at the substrate location,850,SUBSTLOC,32,LOADPORT2.07
STS_SUBSTLOCSTATE32_LOADPORT2.07,100194,UINT_1,,,(E90-STS) [SUBSTLOC-32] State of Substrate Location,851,SUBSTLOC,32,LOADPORT2.07
STS_OBJID32_LOADPORT2.07,100195,ASCII,,,(E90-STS) [SUBSTLOC-32] Substrate Location ID (Identifier ID),852,SUBSTLOC,32,LOADPORT2.07
STS_SUBSTID33_LOADPORT2.08,100196,ASCII,,,(E90-STS) [SUBSTLOC-33] Substrate ID of the substrate at the substrate location,853,SUBSTLOC,33,LOADPORT2.08
STS_SUBSTLOCSTATE33_LOADPORT2.08,100197,UINT_1,,,(E90-STS) [SUBSTLOC-33] State of Substrate Location,854,SUBSTLOC,33,LOADPORT2.08
STS_OBJID33_LOADPORT2.08,100198,ASCII,,,(E90-STS) [SUBSTLOC-33] Substrate Location ID (Identifier ID),855,SUBSTLOC,33,LOADPORT2.08
STS_SUBSTID34_LOADPORT2.09,100199,ASCII,,,(E90-STS) [SUBSTLOC-34] Substrate ID of the substrate at the substrate location,856,SUBSTLOC,34,LOADPORT2.09
STS_SUBSTLOCSTATE34_LOADPORT2.09,100200,UINT_1,,,(E90-STS) [SUBSTLOC-34] State of Substrate Location,857,SUBSTLOC,34,LOADPORT2.09
STS_OBJID34_LOADPORT2.09,100201,ASCII,,,(E90-STS) [SUBSTLOC-34] Substrate Location ID (Identifier ID),858,SUBSTLOC,34,LOADPORT2.09
STS_SUBSTID35_LOADPORT2.10,100202,ASCII,,,(E90-STS) [SUBSTLOC-35] Substrate ID of the substrate at the substrate location,859,SUBSTLOC,35,LOADPORT2.10
STS_SUBSTLOCSTATE35_LOADPORT2.10,100203,UINT_1,,,(E90-STS) [SUBSTLOC-35] State of Substrate Location,860,SUBSTLOC,35,LOADPORT2.10
STS_OBJID35_LOADPORT2.10,100204,ASCII,,,(E90-STS) [SUBSTLOC-35] Substrate Location ID (Identifier ID),861,SUBSTLOC,35,LOADPORT2.10
STS_SUBSTID36_LOADPORT2.11,100205,ASCII,,,(E90-STS) [SUBSTLOC-36] Substrate ID of the substrate at the substrate location,862,SUBSTLOC,36,LOADPORT2.11
STS_SUBSTLOCSTATE36_LOADPORT2.11,100206,UINT_1,,,(E90-STS) [SUBSTLOC-36] State of Substrate Location,863,SUBSTLOC,36,LOADPORT2.11
STS_OBJID36_LOADPORT2.11,100207,ASCII,,,(E90-STS) [SUBSTLOC-36] Substrate Location ID (Identifier ID),864,SUBSTLOC,36,LOADPORT2.11
STS_SUBSTID37_LOADPORT2.12,100208,ASCII,,,(E90-STS) [SUBSTLOC-37] Substrate ID of the substrate at the substrate location,865,SUBSTLOC,37,LOADPORT2.12
STS_SUBSTLOCSTATE37_LOADPORT2.12,100209,UINT_1,,,(E90-STS) [SUBSTLOC-37] State of Substrate Location,866,SUBSTLOC,37,LOADPORT2.12
STS_OBJID37_LOADPORT2.12,100210,ASCII,,,(E90-STS) [SUBSTLOC-37] Substrate Location ID (Identifier ID),867,SUBSTLOC,37,LOADPORT2.12
STS_SUBSTID38_LOADPORT2.13,100211,ASCII,,,(E90-STS) [SUBSTLOC-38] Substrate ID of the substrate at the substrate location,868,SUBSTLOC,38,LOADPORT2.13
STS_SUBSTLOCSTATE38_LOADPORT2.13,100212,UINT_1,,,(E90-STS) [SUBSTLOC-38] State of Substrate Location,869,SUBSTLOC,38,LOADPORT2.13
STS_OBJID38_LOADPORT2.13,100213,ASCII,,,(E90-STS) [SUBSTLOC-38] Substrate Location ID (Identifier ID),870,SUBSTLOC,38,LOADPORT2.13
STS_SUBSTID39_LOADPORT2.14,100214,ASCII,,,(E90-STS) [SUBSTLOC-39] Substrate ID of the substrate at the substrate location,871,SUBSTLOC,39,LOADPORT2.14
STS_SUBSTLOCSTATE39_LOADPORT2.14,100215,UINT_1,,,(E90-STS) [SUBSTLOC-39] State of Substrate Location,872,SUBSTLOC,39,LOADPORT2.14
STS_OBJID39_LOADPORT2.14,100216,ASCII,,,(E90-STS) [SUBSTLOC-39] Substrate Location ID (Identifier ID),873,SUBSTLOC,39,LOADPORT2.14
STS_SUBSTID40_LOADPORT2.15,100217,ASCII,,,(E90-STS) [SUBSTLOC-40] Substrate ID of the substrate at the substrate location,874,SUBSTLOC,40,LOADPORT2.15
STS_SUBSTLOCSTATE40_LOADPORT2.15,100218,UINT_1,,,(E90-STS) [SUBSTLOC-40] State of Substrate Location,875,SUBSTLOC,40,LOADPORT2.15
STS_OBJID40_LOADPORT2.15,100219,ASCII,,,(E90-STS) [SUBSTLOC-40] Substrate Location ID (Identifier ID),876,SUBSTLOC,40,LOADPORT2.15
STS_SUBSTID41_LOADPORT2.16,100220,ASCII,,,(E90-STS) [SUBSTLOC-41] Substrate ID of the substrate at the substrate location,877,SUBSTLOC,41,LOADPORT2.16
STS_SUBSTLOCSTATE41_LOADPORT2.16,100221,UINT_1,,,(E90-STS) [SUBSTLOC-41] State of Substrate Location,878,SUBSTLOC,41,LOADPORT2.16
STS_OBJID41_LOADPORT2.16,100222,ASCII,,,(E90-STS) [SUBSTLOC-41] Substrate Location ID (Identifier ID),879,SUBSTLOC,41,LOADPORT2.16
STS_SUBSTID42_LOADPORT2.17,100223,ASCII,,,(E90-STS) [SUBSTLOC-42] Substrate ID of the substrate at the substrate location,880,SUBSTLOC,42,LOADPORT2.17
STS_SUBSTLOCSTATE42_LOADPORT2.17,100224,UINT_1,,,(E90-STS) [SUBSTLOC-42] State of Substrate Location,881,SUBSTLOC,42,LOADPORT2.17
STS_OBJID42_LOADPORT2.17,100225,ASCII,,,(E90-STS) [SUBSTLOC-42] Substrate Location ID (Identifier ID),882,SUBSTLOC,42,LOADPORT2.17
STS_SUBSTID43_LOADPORT2.18,100226,ASCII,,,(E90-STS) [SUBSTLOC-43] Substrate ID of the substrate at the substrate location,883,SUBSTLOC,43,LOADPORT2.18
STS_SUBSTLOCSTATE43_LOADPORT2.18,100227,UINT_1,,,(E90-STS) [SUBSTLOC-43] State of Substrate Location,884,SUBSTLOC,43,LOADPORT2.18
STS_OBJID43_LOADPORT2.18,100228,ASCII,,,(E90-STS) [SUBSTLOC-43] Substrate Location ID (Identifier ID),885,SUBSTLOC,43,LOADPORT2.18
STS_SUBSTID44_LOADPORT2.19,100229,ASCII,,,(E90-STS) [SUBSTLOC-44] Substrate ID of the substrate at the substrate location,886,SUBSTLOC,44,LOADPORT2.19
STS_SUBSTLOCSTATE44_LOADPORT2.19,100230,UINT_1,,,(E90-STS) [SUBSTLOC-44] State of Substrate Location,887,SUBSTLOC,44,LOADPORT2.19
STS_OBJID44_LOADPORT2.19,100231,ASCII,,,(E90-STS) [SUBSTLOC-44] Substrate Location ID (Identifier ID),888,SUBSTLOC,44,LOADPORT2.19
STS_SUBSTID45_LOADPORT2.20,100232,ASCII,,,(E90-STS) [SUBSTLOC-45] Substrate ID of the substrate at the substrate location,889,SUBSTLOC,45,LOADPORT2.20
STS_SUBSTLOCSTATE45_LOADPORT2.20,100233,UINT_1,,,(E90-STS) [SUBSTLOC-45] State of Substrate Location,890,SUBSTLOC,45,LOADPORT2.20
STS_OBJID45_LOADPORT2.20,100234,ASCII,,,(E90-STS) [SUBSTLOC-45] Substrate Location ID (Identifier ID),891,SUBSTLOC,45,LOADPORT2.20
STS_SUBSTID46_LOADPORT2.21,100235,ASCII,,,(E90-STS) [SUBSTLOC-46] Substrate ID of the substrate at the substrate location,892,SUBSTLOC,46,LOADPORT2.21
STS_SUBSTLOCSTATE46_LOADPORT2.21,100236,UINT_1,,,(E90-STS) [SUBSTLOC-46] State of Substrate Location,893,SUBSTLOC,46,LOADPORT2.21
STS_OBJID46_LOADPORT2.21,100237,ASCII,,,(E90-STS) [SUBSTLOC-46] Substrate Location ID (Identifier ID),894,SUBSTLOC,46,LOADPORT2.21
STS_SUBSTID47_LOADPORT2.22,100238,ASCII,,,(E90-STS) [SUBSTLOC-47] Substrate ID of the substrate at the substrate location,895,SUBSTLOC,47,LOADPORT2.22
STS_SUBSTLOCSTATE47_LOADPORT2.22,100239,UINT_1,,,(E90-STS) [SUBSTLOC-47] State of Substrate Location,896,SUBSTLOC,47,LOADPORT2.22
STS_OBJID47_LOADPORT2.22,100240,ASCII,,,(E90-STS) [SUBSTLOC-47] Substrate Location ID (Identifier ID),897,SUBSTLOC,47,LOADPORT2.22
STS_SUBSTID48_LOADPORT2.23,100241,ASCII,,,(E90-STS) [SUBSTLOC-48] Substrate ID of the substrate at the substrate location,898,SUBSTLOC,48,LOADPORT2.23
STS_SUBSTLOCSTATE48_LOADPORT2.23,100242,UINT_1,,,(E90-STS) [SUBSTLOC-48] State of Substrate Location,899,SUBSTLOC,48,LOADPORT2.23
STS_OBJID48_LOADPORT2.23,100243,ASCII,,,(E90-STS) [SUBSTLOC-48] Substrate Location ID (Identifier ID),900,SUBSTLOC,48,LOADPORT2.23
STS_SUBSTID49_LOADPORT2.24,100244,ASCII,,,(E90-STS) [SUBSTLOC-49] Substrate ID of the substrate at the substrate location,901,SUBSTLOC,49,LOADPORT2.24
STS_SUBSTLOCSTATE49_LOADPORT2.24,100245,UINT_1,,,(E90-STS) [SUBSTLOC-49] State of Substrate Location,902,SUBSTLOC,49,LOADPORT2.24
STS_OBJID49_LOADPORT2.24,100246,ASCII,,,(E90-STS) [SUBSTLOC-49] Substrate Location ID (Identifier ID),903,SUBSTLOC,49,LOADPORT2.24
STS_SUBSTID50_LOADPORT2.25,100247,ASCII,,,(E90-STS) [SUBSTLOC-50] Substrate ID of the substrate at the substrate location,904,SUBSTLOC,50,LOADPORT2.25
STS_SUBSTLOCSTATE50_LOADPORT2.25,100248,UINT_1,,,(E90-STS) [SUBSTLOC-50] State of Substrate Location,905,SUBSTLOC,50,LOADPORT2.25
STS_OBJID50_LOADPORT2.25,100249,ASCII,,,(E90-STS) [SUBSTLOC-50] Substrate Location ID (Identifier ID),906,SUBSTLOC,50,LOADPORT2.25
STS_SUBSTID51_UPPERARM,100250,ASCII,,,(E90-STS) [SUBSTLOC-51] Substrate ID of the substrate at the substrate location,907,SUBSTLOC,51,UPPERARM
STS_SUBSTLOCSTATE51_UPPERARM,100251,UINT_1,,,(E90-STS) [SUBSTLOC-51] State of Substrate Location,908,SUBSTLOC,51,UPPERARM
STS_OBJID51_UPPERARM,100252,ASCII,,,(E90-STS) [SUBSTLOC-51] Substrate Location ID (Identifier ID),909,SUBSTLOC,51,UPPERARM
STS_SUBSTID52_LOWERARM,100253,ASCII,,,(E90-STS) [SUBSTLOC-52] Substrate ID of the substrate at the substrate location,910,SUBSTLOC,52,LOWERARM
STS_SUBSTLOCSTATE52_LOWERARM,100254,UINT_1,,,(E90-STS) [SUBSTLOC-52] State of Substrate Location,911,SUBSTLOC,52,LOWERARM
STS_OBJID52_LOWERARM,100255,ASCII,,,(E90-STS) [SUBSTLOC-52] Substrate Location ID (Identifier ID),912,SUBSTLOC,52,LOWERARM
STS_SUBSTID53_ALIGNER,100256,ASCII,,,(E90-STS) [SUBSTLOC-53] Substrate ID of the substrate at the substrate location,913,SUBSTLOC,53,ALIGNER
STS_SUBSTLOCSTATE53_ALIGNER,100257,UINT_1,,,(E90-STS) [SUBSTLOC-53] State of Substrate Location,914,SUBSTLOC,53,ALIGNER
STS_OBJID53_ALIGNER,100258,ASCII,,,(E90-STS) [SUBSTLOC-53] Substrate Location ID (Identifier ID),915,SUBSTLOC,53,ALIGNER
STS_SUBSTID54_STAGE,100259,ASCII,,,(E90-STS) [SUBSTLOC-54] Substrate ID of the substrate at the substrate location,916,SUBSTLOC,54,STAGE
STS_SUBSTLOCSTATE54_STAGE,100260,UINT_1,,,(E90-STS) [SUBSTLOC-54] State of Substrate Location,917,SUBSTLOC,54,STAGE
STS_OBJID54_STAGE,100261,ASCII,,,(E90-STS) [SUBSTLOC-54] Substrate Location ID (Identifier ID),918,SUBSTLOC,54,STAGE
